Label,Filename,predictions,probabilities
P.Rsugar,./P.Rsugar/5971.jpg,P.diet,0.2755
P.Rsugar,./P.Rsugar/5965.jpg,P.diet,0.2755
P.Rsugar,./P.Rsugar/5964.jpg,P.diet,0.2755
P.Rsugar,./P.Rsugar/5970.jpg,P.diet,0.2755
P.Rsugar,./P.Rsugar/5958.jpg,P.diet,0.2755
P.Rsugar,./P.Rsugar/6074.jpg,P.diet,0.2755
P.Rsugar,./P.Rsugar/2212.jpg,P.diet,0.2755
P.Rsugar,./P.Rsugar/2206.jpg,P.diet,0.2755
P.Rsugar,./P.Rsugar/6060.jpg,P.diet,0.2755
P.Rsugar,./P.Rsugar/6048.jpg,P.diet,0.2755
P.Rsugar,./P.Rsugar/3939.jpg,P.diet,0.2755
P.Rsugar,./P.Rsugar/2399.jpg,P.diet,0.2755
P.Rsugar,./P.Rsugar/2400.jpg,P.diet,0.276
P.Rsugar,./P.Rsugar/6100.jpg,P.diet,0.2755
P.Rsugar,./P.Rsugar/2366.jpg,P.diet,0.2755
P.Rsugar,./P.Rsugar/2372.jpg,P.diet,0.2755
P.Rsugar,./P.Rsugar/2414.jpg,P.diet,0.2755
P.Rsugar,./P.Rsugar/2428.jpg,P.diet,0.2755
P.Rsugar,./P.Rsugar/5810.jpg,P.diet,0.2755
P.Rsugar,./P.Rsugar/5804.jpg,P.diet,0.2755
P.Rsugar,./P.Rsugar/5838.jpg,P.diet,0.2755
P.Rsugar,./P.Rsugar/2164.jpg,P.diet,0.2755
P.Rsugar,./P.Rsugar/2170.jpg,P.diet,0.2755
P.Rsugar,./P.Rsugar/2158.jpg,P.diet,0.2755
P.Rsugar,./P.Rsugar/2166.jpg,P.diet,0.2755
P.Rsugar,./P.Rsugar/2172.jpg,P.diet,0.2755
P.Rsugar,./P.Rsugar/2199.jpg,P.diet,0.2755
P.Rsugar,./P.Rsugar/5812.jpg,P.diet,0.2755
P.Rsugar,./P.Rsugar/5806.jpg,P.diet,0.2755
P.Rsugar,./P.Rsugar/2358.jpg,P.diet,0.2755
P.Rsugar,./P.Rsugar/2364.jpg,P.diet,0.2755
P.Rsugar,./P.Rsugar/6102.jpg,P.diet,0.2755
P.Rsugar,./P.Rsugar/2402.jpg,P.diet,0.2755
P.Rsugar,./P.Rsugar/2416.jpg,P.diet,0.2755
P.Rsugar,./P.Rsugar/2370.jpg,P.diet,0.2755
P.Rsugar,./P.Rsugar/3913.jpg,P.diet,0.2755
P.Rsugar,./P.Rsugar/2238.jpg,P.diet,0.2755
P.Rsugar,./P.Rsugar/2210.jpg,P.diet,0.2755
P.Rsugar,./P.Rsugar/6076.jpg,P.diet,0.2755
P.Rsugar,./P.Rsugar/6062.jpg,P.diet,0.2755
P.Rsugar,./P.Rsugar/2204.jpg,P.diet,0.2755
P.Rsugar,./P.Rsugar/6089.jpg,P.diet,0.2755
P.Rsugar,./P.Rsugar/5999.jpg,P.diet,0.2755
P.Rsugar,./P.Rsugar/5796.jpg,P.diet,0.2755
P.Rsugar,./P.Rsugar/5966.jpg,P.diet,0.2755
P.Rsugar,./P.Rsugar/5972.jpg,P.diet,0.2755
P.Rsugar,./P.Rsugar/5973.jpg,P.diet,0.2755
P.Rsugar,./P.Rsugar/5967.jpg,P.diet,0.2755
P.Rsugar,./P.Rsugar/5797.jpg,P.diet,0.2755
P.Rsugar,./P.Rsugar/5998.jpg,P.diet,0.2755
P.Rsugar,./P.Rsugar/2205.jpg,P.diet,0.2755
P.Rsugar,./P.Rsugar/6063.jpg,P.diet,0.2755
P.Rsugar,./P.Rsugar/2211.jpg,P.diet,0.2755
P.Rsugar,./P.Rsugar/2239.jpg,P.diet,0.2755
P.Rsugar,./P.Rsugar/3912.jpg,P.diet,0.2755
P.Rsugar,./P.Rsugar/2417.jpg,P.diet,0.2755
P.Rsugar,./P.Rsugar/2371.jpg,P.diet,0.2755
P.Rsugar,./P.Rsugar/382_corrected.jpg,P.diet,0.2755
P.Rsugar,./P.Rsugar/6103.jpg,P.diet,0.2755
P.Rsugar,./P.Rsugar/2365.jpg,P.diet,0.2755
P.Rsugar,./P.Rsugar/2403.jpg,P.diet,0.2755
P.Rsugar,./P.Rsugar/2359.jpg,P.diet,0.2755
P.Rsugar,./P.Rsugar/5807.jpg,P.diet,0.2755
P.Rsugar,./P.Rsugar/5813.jpg,P.diet,0.2755
P.Rsugar,./P.Rsugar/2198.jpg,P.diet,0.2755
P.Rsugar,./P.Rsugar/2173.jpg,P.diet,0.2755
P.Rsugar,./P.Rsugar/2167.jpg,P.diet,0.2755
P.Rsugar,./P.Rsugar/2142.jpg,P.diet,0.2755
P.Rsugar,./P.Rsugar/2156.jpg,P.diet,0.2755
P.Rsugar,./P.Rsugar/5836.jpg,P.diet,0.2755
P.Rsugar,./P.Rsugar/2181.jpg,P.diet,0.2755
P.Rsugar,./P.Rsugar/5822.jpg,P.diet,0.2755
P.Rsugar,./P.Rsugar/2195.jpg,P.diet,0.2755
P.Rsugar,./P.Rsugar/2426.jpg,P.diet,0.2755
P.Rsugar,./P.Rsugar/2340.jpg,P.diet,0.2755
P.Rsugar,./P.Rsugar/2354.jpg,P.diet,0.2755
P.Rsugar,./P.Rsugar/2432.jpg,P.diet,0.2755
P.Rsugar,./P.Rsugar/2368.jpg,P.diet,0.2755
P.Rsugar,./P.Rsugar/3923.jpg,P.diet,0.2755
P.Rsugar,./P.Rsugar/2383.jpg,P.diet,0.2755
P.Rsugar,./P.Rsugar/2397.jpg,P.diet,0.2755
P.Rsugar,./P.Rsugar/3937.jpg,P.diet,0.2755
P.Rsugar,./P.Rsugar/6052.jpg,P.diet,0.2755
P.Rsugar,./P.Rsugar/2234.jpg,P.diet,0.2755
P.Rsugar,./P.Rsugar/2220.jpg,P.diet,0.2755
P.Rsugar,./P.Rsugar/6046.jpg,P.diet,0.2755
P.Rsugar,./P.Rsugar/2208.jpg,P.diet,0.2755
P.Rsugar,./P.Rsugar/6091.jpg,P.diet,0.2755
P.Rsugar,./P.Rsugar/5981.jpg,P.diet,0.2755
P.Rsugar,./P.Rsugar/5995.jpg,P.diet,0.2755
P.Rsugar,./P.Rsugar/5942.jpg,P.diet,0.2755
P.Rsugar,./P.Rsugar/5956.jpg,P.diet,0.2755
P.Rsugar,./P.Rsugar/5957.jpg,P.diet,0.2755
P.Rsugar,./P.Rsugar/5943.jpg,P.diet,0.2755
P.Rsugar,./P.Rsugar/5994.jpg,P.diet,0.2755
P.Rsugar,./P.Rsugar/5980.jpg,P.diet,0.2755
P.Rsugar,./P.Rsugar/6084.jpg,P.diet,0.2755
P.Rsugar,./P.Rsugar/6090.jpg,P.diet,0.2755
P.Rsugar,./P.Rsugar/2209.jpg,P.diet,0.2755
P.Rsugar,./P.Rsugar/6047.jpg,P.diet,0.2755
P.Rsugar,./P.Rsugar/2221.jpg,P.diet,0.2755
P.Rsugar,./P.Rsugar/2235.jpg,P.diet,0.2755
P.Rsugar,./P.Rsugar/6053.jpg,P.diet,0.2755
P.Rsugar,./P.Rsugar/2396.jpg,P.diet,0.2755
P.Rsugar,./P.Rsugar/3936.jpg,P.diet,0.2755
P.Rsugar,./P.Rsugar/3922.jpg,P.diet,0.2755
P.Rsugar,./P.Rsugar/2382.jpg,P.diet,0.2755
P.Rsugar,./P.Rsugar/2369.jpg,P.diet,0.2755
P.Rsugar,./P.Rsugar/2355.jpg,P.diet,0.2755
P.Rsugar,./P.Rsugar/2433.jpg,P.diet,0.2755
P.Rsugar,./P.Rsugar/2427.jpg,P.diet,0.2755
P.Rsugar,./P.Rsugar/2341.jpg,P.diet,0.2755
P.Rsugar,./P.Rsugar/2194.jpg,P.diet,0.2755
P.Rsugar,./P.Rsugar/5823.jpg,P.diet,0.2755
P.Rsugar,./P.Rsugar/5837.jpg,P.diet,0.2755
P.Rsugar,./P.Rsugar/2157.jpg,P.diet,0.2755
P.Rsugar,./P.Rsugar/2143.jpg,P.diet,0.2755
P.Rsugar,./P.Rsugar/2155.jpg,P.diet,0.2755
P.Rsugar,./P.Rsugar/2141.jpg,P.diet,0.2755
P.Rsugar,./P.Rsugar/2169.jpg,P.diet,0.2755
P.Rsugar,./P.Rsugar/5821.jpg,P.diet,0.2755
P.Rsugar,./P.Rsugar/2196.jpg,P.diet,0.2755
P.Rsugar,./P.Rsugar/5835.jpg,P.diet,0.2755
P.Rsugar,./P.Rsugar/2182.jpg,P.diet,0.2755
P.Rsugar,./P.Rsugar/5809.jpg,P.diet,0.2755
P.Rsugar,./P.Rsugar/2431.jpg,P.diet,0.2755
P.Rsugar,./P.Rsugar/2357.jpg,P.diet,0.2755
P.Rsugar,./P.Rsugar/2343.jpg,P.diet,0.2755
P.Rsugar,./P.Rsugar/2425.jpg,P.diet,0.2755
P.Rsugar,./P.Rsugar/2419.jpg,P.diet,0.2755
P.Rsugar,./P.Rsugar/3934.jpg,P.diet,0.2755
P.Rsugar,./P.Rsugar/2394.jpg,P.diet,0.2755
P.Rsugar,./P.Rsugar/2380.jpg,P.diet,0.2755
P.Rsugar,./P.Rsugar/3920.jpg,P.diet,0.2755
P.Rsugar,./P.Rsugar/2223.jpg,P.diet,0.2755
P.Rsugar,./P.Rsugar/6045.jpg,P.diet,0.2755
P.Rsugar,./P.Rsugar/6051.jpg,P.diet,0.2755
P.Rsugar,./P.Rsugar/2237.jpg,P.diet,0.2755
P.Rsugar,./P.Rsugar/6079.jpg,P.diet,0.2755
P.Rsugar,./P.Rsugar/6086.jpg,P.diet,0.2755
P.Rsugar,./P.Rsugar/6092.jpg,P.diet,0.2755
P.Rsugar,./P.Rsugar/5996.jpg,P.diet,0.2755
P.Rsugar,./P.Rsugar/5982.jpg,P.diet,0.2755
P.Rsugar,./P.Rsugar/5955.jpg,P.diet,0.2755
P.Rsugar,./P.Rsugar/5799.jpg,P.diet,0.2755
P.Rsugar,./P.Rsugar/5941.jpg,P.diet,0.2755
P.Rsugar,./P.Rsugar/5969.jpg,P.diet,0.2755
P.Rsugar,./P.Rsugar/5968.jpg,P.diet,0.2755
P.Rsugar,./P.Rsugar/5940.jpg,P.diet,0.2755
P.Rsugar,./P.Rsugar/5983.jpg,P.diet,0.2755
P.Rsugar,./P.Rsugar/5997.jpg,P.diet,0.2755
P.Rsugar,./P.Rsugar/6093.jpg,P.diet,0.2755
P.Rsugar,./P.Rsugar/6087.jpg,P.diet,0.2755
P.Rsugar,./P.Rsugar/6078.jpg,P.diet,0.2755
P.Rsugar,./P.Rsugar/2236.jpg,P.diet,0.2755
P.Rsugar,./P.Rsugar/6050.jpg,P.diet,0.2755
P.Rsugar,./P.Rsugar/6044.jpg,P.diet,0.2755
P.Rsugar,./P.Rsugar/2222.jpg,P.diet,0.2755
P.Rsugar,./P.Rsugar/2381.jpg,P.diet,0.2755
P.Rsugar,./P.Rsugar/3921.jpg,P.diet,0.2755
P.Rsugar,./P.Rsugar/3935.jpg,P.diet,0.2755
P.Rsugar,./P.Rsugar/2395.jpg,P.diet,0.2755
P.Rsugar,./P.Rsugar/2418.jpg,P.diet,0.2755
P.Rsugar,./P.Rsugar/2342.jpg,P.diet,0.2755
P.Rsugar,./P.Rsugar/2424.jpg,P.diet,0.2755
P.Rsugar,./P.Rsugar/2430.jpg,P.diet,0.2755
P.Rsugar,./P.Rsugar/2356.jpg,P.diet,0.2755
P.Rsugar,./P.Rsugar/5808.jpg,P.diet,0.2755
P.Rsugar,./P.Rsugar/2183.jpg,P.diet,0.2755
P.Rsugar,./P.Rsugar/5834.jpg,P.diet,0.2755
P.Rsugar,./P.Rsugar/2197.jpg,P.diet,0.2755
P.Rsugar,./P.Rsugar/5820.jpg,P.diet,0.2755
P.Rsugar,./P.Rsugar/2168.jpg,P.diet,0.2755
P.Rsugar,./P.Rsugar/2140.jpg,P.diet,0.2755
P.Rsugar,./P.Rsugar/2154.jpg,P.diet,0.2755
P.Rsugar,./P.Rsugar/2178.jpg,MD.Orig,0.9431
P.Rsugar,./P.Rsugar/2150.jpg,P.diet,0.2755
P.Rsugar,./P.Rsugar/2144.jpg,P.diet,0.2755
P.Rsugar,./P.Rsugar/5818.jpg,P.diet,0.2755
P.Rsugar,./P.Rsugar/5824.jpg,P.diet,0.2755
P.Rsugar,./P.Rsugar/2193.jpg,P.diet,0.2755
P.Rsugar,./P.Rsugar/5830.jpg,P.diet,0.2755
P.Rsugar,./P.Rsugar/2187.jpg,P.diet,0.2755
P.Rsugar,./P.Rsugar/2408.jpg,P.diet,0.2755
P.Rsugar,./P.Rsugar/2352.jpg,P.diet,0.2755
P.Rsugar,./P.Rsugar/2434.jpg,P.diet,0.2755
P.Rsugar,./P.Rsugar/2420.jpg,P.diet,0.2755
P.Rsugar,./P.Rsugar/2346.jpg,P.diet,0.2755
P.Rsugar,./P.Rsugar/3919.jpg,P.diet,0.2755
P.Rsugar,./P.Rsugar/2391.jpg,P.diet,0.2755
P.Rsugar,./P.Rsugar/3931.jpg,P.diet,0.2755
P.Rsugar,./P.Rsugar/3925.jpg,P.diet,0.2755
P.Rsugar,./P.Rsugar/2385.jpg,P.diet,0.2755
P.Rsugar,./P.Rsugar/6068.jpg,P.diet,0.2755
P.Rsugar,./P.Rsugar/2226.jpg,P.diet,0.2755
P.Rsugar,./P.Rsugar/6040.jpg,P.diet,0.2755
P.Rsugar,./P.Rsugar/6054.jpg,P.diet,0.2755
P.Rsugar,./P.Rsugar/2232.jpg,P.diet,0.2755
P.Rsugar,./P.Rsugar/6083.jpg,P.diet,0.2755
P.Rsugar,./P.Rsugar/6097.jpg,P.diet,0.2755
P.Rsugar,./P.Rsugar/5993.jpg,P.diet,0.2755
P.Rsugar,./P.Rsugar/5987.jpg,P.diet,0.2755
P.Rsugar,./P.Rsugar/5978.jpg,P.diet,0.2755
P.Rsugar,./P.Rsugar/5950.jpg,P.diet,0.2755
P.Rsugar,./P.Rsugar/5951.jpg,P.diet,0.2755
P.Rsugar,./P.Rsugar/5979.jpg,P.diet,0.2755
P.Rsugar,./P.Rsugar/5986.jpg,P.diet,0.2755
P.Rsugar,./P.Rsugar/5992.jpg,P.diet,0.2755
P.Rsugar,./P.Rsugar/6096.jpg,P.diet,0.2755
P.Rsugar,./P.Rsugar/6082.jpg,P.diet,0.2755
P.Rsugar,./P.Rsugar/2233.jpg,P.diet,0.2755
P.Rsugar,./P.Rsugar/6055.jpg,P.diet,0.2755
P.Rsugar,./P.Rsugar/2227.jpg,P.diet,0.2755
P.Rsugar,./P.Rsugar/6069.jpg,P.diet,0.2755
P.Rsugar,./P.Rsugar/3924.jpg,P.diet,0.2755
P.Rsugar,./P.Rsugar/2384.jpg,P.diet,0.2755
P.Rsugar,./P.Rsugar/2390.jpg,P.diet,0.2755
P.Rsugar,./P.Rsugar/3930.jpg,P.diet,0.2755
P.Rsugar,./P.Rsugar/3918.jpg,P.diet,0.2755
P.Rsugar,./P.Rsugar/2421.jpg,P.diet,0.2755
P.Rsugar,./P.Rsugar/2347.jpg,P.diet,0.2755
P.Rsugar,./P.Rsugar/2353.jpg,P.diet,0.2755
P.Rsugar,./P.Rsugar/2435.jpg,P.diet,0.2755
P.Rsugar,./P.Rsugar/2409.jpg,P.diet,0.2755
P.Rsugar,./P.Rsugar/2186.jpg,P.diet,0.2755
P.Rsugar,./P.Rsugar/5831.jpg,P.diet,0.2755
P.Rsugar,./P.Rsugar/2192.jpg,P.diet,0.2755
P.Rsugar,./P.Rsugar/5825.jpg,P.diet,0.2755
P.Rsugar,./P.Rsugar/5819.jpg,P.diet,0.2755
P.Rsugar,./P.Rsugar/2145.jpg,P.diet,0.2755
P.Rsugar,./P.Rsugar/2151.jpg,P.diet,0.2755
P.Rsugar,./P.Rsugar/2179.jpg,P.diet,0.2755
P.Rsugar,./P.Rsugar/2147.jpg,P.diet,0.2755
P.Rsugar,./P.Rsugar/2153.jpg,P.diet,0.2755
P.Rsugar,./P.Rsugar/5833.jpg,P.diet,0.2755
P.Rsugar,./P.Rsugar/2184.jpg,P.diet,0.2755
P.Rsugar,./P.Rsugar/5827.jpg,P.diet,0.2755
P.Rsugar,./P.Rsugar/2190.jpg,P.diet,0.2755
P.Rsugar,./P.Rsugar/2379.jpg,P.diet,0.2755
P.Rsugar,./P.Rsugar/2345.jpg,P.diet,0.2755
P.Rsugar,./P.Rsugar/2423.jpg,P.diet,0.2755
P.Rsugar,./P.Rsugar/2437.jpg,P.diet,0.2755
P.Rsugar,./P.Rsugar/2351.jpg,P.diet,0.2755
P.Rsugar,./P.Rsugar/2386.jpg,P.diet,0.2755
P.Rsugar,./P.Rsugar/3926.jpg,P.diet,0.2755
P.Rsugar,./P.Rsugar/3932.jpg,P.diet,0.2755
P.Rsugar,./P.Rsugar/2392.jpg,P.diet,0.2755
P.Rsugar,./P.Rsugar/2219.jpg,P.diet,0.2755
P.Rsugar,./P.Rsugar/6057.jpg,P.diet,0.2755
P.Rsugar,./P.Rsugar/2231.jpg,P.diet,0.2755
P.Rsugar,./P.Rsugar/2225.jpg,P.diet,0.2755
P.Rsugar,./P.Rsugar/6043.jpg,P.diet,0.2755
P.Rsugar,./P.Rsugar/6094.jpg,P.diet,0.2755
P.Rsugar,./P.Rsugar/6080.jpg,P.diet,0.2755
P.Rsugar,./P.Rsugar/5984.jpg,P.diet,0.2755
P.Rsugar,./P.Rsugar/5947.jpg,P.diet,0.2755
P.Rsugar,./P.Rsugar/5953.jpg,P.diet,0.2755
P.Rsugar,./P.Rsugar/5952.jpg,P.diet,0.2755
P.Rsugar,./P.Rsugar/5946.jpg,P.diet,0.2755
P.Rsugar,./P.Rsugar/5985.jpg,P.diet,0.2755
P.Rsugar,./P.Rsugar/6081.jpg,P.diet,0.2755
P.Rsugar,./P.Rsugar/6095.jpg,P.diet,0.2755
P.Rsugar,./P.Rsugar/6042.jpg,P.diet,0.2755
P.Rsugar,./P.Rsugar/2224.jpg,P.diet,0.2755
P.Rsugar,./P.Rsugar/2230.jpg,P.diet,0.2755
P.Rsugar,./P.Rsugar/6056.jpg,P.diet,0.2755
P.Rsugar,./P.Rsugar/2218.jpg,P.diet,0.2755
P.Rsugar,./P.Rsugar/3933.jpg,P.diet,0.2755
P.Rsugar,./P.Rsugar/2393.jpg,P.diet,0.2755
P.Rsugar,./P.Rsugar/2387.jpg,P.diet,0.2755
P.Rsugar,./P.Rsugar/3927.jpg,P.diet,0.2755
P.Rsugar,./P.Rsugar/2436.jpg,P.diet,0.2755
P.Rsugar,./P.Rsugar/2350.jpg,P.diet,0.2755
P.Rsugar,./P.Rsugar/2344.jpg,P.diet,0.2755
P.Rsugar,./P.Rsugar/2422.jpg,P.diet,0.2755
P.Rsugar,./P.Rsugar/2378.jpg,P.diet,0.2755
P.Rsugar,./P.Rsugar/2191.jpg,P.diet,0.2755
P.Rsugar,./P.Rsugar/5826.jpg,P.diet,0.2755
P.Rsugar,./P.Rsugar/2185.jpg,P.diet,0.2755
P.Rsugar,./P.Rsugar/5832.jpg,P.diet,0.2755
P.Rsugar,./P.Rsugar/2152.jpg,P.diet,0.2755
P.Rsugar,./P.Rsugar/2146.jpg,P.diet,0.2755
P.Rsugar,./P.Rsugar/108_corrected.jpg,P.diet,0.2755
P.Rsugar,./P.Rsugar/2121.jpg,P.diet,0.2755
P.Rsugar,./P.Rsugar/2135.jpg,P.diet,0.2755
P.Rsugar,./P.Rsugar/5882.jpg,P.diet,0.2755
P.Rsugar,./P.Rsugar/2109.jpg,P.diet,0.2755
P.Rsugar,./P.Rsugar/5855.jpg,P.diet,0.2755
P.Rsugar,./P.Rsugar/5841.jpg,P.diet,0.2755
P.Rsugar,./P.Rsugar/5869.jpg,P.diet,0.2755
P.Rsugar,./P.Rsugar/2323.jpg,P.diet,0.2755
P.Rsugar,./P.Rsugar/3983.jpg,P.diet,0.2755
P.Rsugar,./P.Rsugar/2445.jpg,P.diet,0.2755
P.Rsugar,./P.Rsugar/3997.jpg,P.diet,0.2755
P.Rsugar,./P.Rsugar/2451.jpg,P.diet,0.2755
P.Rsugar,./P.Rsugar/4020.jpg,P.diet,0.2755
P.Rsugar,./P.Rsugar/2337.jpg,P.diet,0.2755
P.Rsugar,./P.Rsugar/2479.jpg,P.diet,0.2755
P.Rsugar,./P.Rsugar/4008.jpg,P.diet,0.2755
P.Rsugar,./P.Rsugar/3940.jpg,P.diet,0.2755
P.Rsugar,./P.Rsugar/2486.jpg,P.diet,0.2755
P.Rsugar,./P.Rsugar/3954.jpg,P.diet,0.2755
P.Rsugar,./P.Rsugar/2492.jpg,P.diet,0.2755
P.Rsugar,./P.Rsugar/3968.jpg,P.diet,0.2755
P.Rsugar,./P.Rsugar/2257.jpg,P.diet,0.2755
P.Rsugar,./P.Rsugar/6031.jpg,P.diet,0.2755
P.Rsugar,./P.Rsugar/6025.jpg,P.diet,0.2755
P.Rsugar,./P.Rsugar/2243.jpg,P.diet,0.2755
P.Rsugar,./P.Rsugar/6019.jpg,P.diet,0.2755
P.Rsugar,./P.Rsugar/2294.jpg,P.diet,0.2755
P.Rsugar,./P.Rsugar/2280.jpg,P.diet,0.2755
P.Rsugar,./P.Rsugar/2096.jpg,P.diet,0.2755
P.Rsugar,./P.Rsugar/5921.jpg,P.diet,0.2755
P.Rsugar,./P.Rsugar/5935.jpg,P.diet,0.2755
P.Rsugar,./P.Rsugar/5909.jpg,P.diet,0.2755
P.Rsugar,./P.Rsugar/5908.jpg,P.diet,0.2755
P.Rsugar,./P.Rsugar/5934.jpg,P.diet,0.2755
P.Rsugar,./P.Rsugar/5920.jpg,P.diet,0.2755
P.Rsugar,./P.Rsugar/2097.jpg,P.diet,0.2755
P.Rsugar,./P.Rsugar/2281.jpg,P.diet,0.2755
P.Rsugar,./P.Rsugar/2295.jpg,P.diet,0.2755
P.Rsugar,./P.Rsugar/6018.jpg,P.diet,0.2755
P.Rsugar,./P.Rsugar/200_corrected.jpg,P.diet,0.2755
P.Rsugar,./P.Rsugar/2242.jpg,P.diet,0.2755
P.Rsugar,./P.Rsugar/6024.jpg,P.diet,0.2755
P.Rsugar,./P.Rsugar/6030.jpg,P.diet,0.2755
P.Rsugar,./P.Rsugar/2256.jpg,P.diet,0.2755
P.Rsugar,./P.Rsugar/3969.jpg,P.diet,0.2755
P.Rsugar,./P.Rsugar/2493.jpg,P.diet,0.2755
P.Rsugar,./P.Rsugar/3955.jpg,P.diet,0.2755
P.Rsugar,./P.Rsugar/2487.jpg,P.diet,0.2755
P.Rsugar,./P.Rsugar/3941.jpg,P.diet,0.2755
P.Rsugar,./P.Rsugar/4009.jpg,P.diet,0.2755
P.Rsugar,./P.Rsugar/2478.jpg,P.diet,0.2755
P.Rsugar,./P.Rsugar/4021.jpg,P.diet,0.2755
P.Rsugar,./P.Rsugar/2450.jpg,P.diet,0.2755
P.Rsugar,./P.Rsugar/3996.jpg,P.diet,0.2755
P.Rsugar,./P.Rsugar/2336.jpg,P.diet,0.2755
P.Rsugar,./P.Rsugar/2322.jpg,P.diet,0.2755
P.Rsugar,./P.Rsugar/2444.jpg,P.diet,0.2755
P.Rsugar,./P.Rsugar/3982.jpg,P.diet,0.2755
P.Rsugar,./P.Rsugar/5868.jpg,P.diet,0.2755
P.Rsugar,./P.Rsugar/5840.jpg,P.diet,0.2755
P.Rsugar,./P.Rsugar/5854.jpg,P.diet,0.2755
P.Rsugar,./P.Rsugar/2108.jpg,P.diet,0.2755
P.Rsugar,./P.Rsugar/5883.jpg,P.diet,0.2755
P.Rsugar,./P.Rsugar/2134.jpg,P.diet,0.2755
P.Rsugar,./P.Rsugar/5897.jpg,P.diet,0.2755
P.Rsugar,./P.Rsugar/2120.jpg,P.diet,0.2755
P.Rsugar,./P.Rsugar/2136.jpg,P.diet,0.2755
P.Rsugar,./P.Rsugar/5881.jpg,P.diet,0.2755
P.Rsugar,./P.Rsugar/2122.jpg,P.diet,0.2755
P.Rsugar,./P.Rsugar/5895.jpg,P.diet,0.2755
P.Rsugar,./P.Rsugar/5842.jpg,P.diet,0.2755
P.Rsugar,./P.Rsugar/5856.jpg,P.diet,0.2755
P.Rsugar,./P.Rsugar/2334.jpg,P.diet,0.2755
P.Rsugar,./P.Rsugar/3994.jpg,P.diet,0.2755
P.Rsugar,./P.Rsugar/2452.jpg,P.diet,0.2755
P.Rsugar,./P.Rsugar/4023.jpg,P.diet,0.2755
P.Rsugar,./P.Rsugar/3980.jpg,P.diet,0.2755
P.Rsugar,./P.Rsugar/2446.jpg,P.diet,0.2755
P.Rsugar,./P.Rsugar/2320.jpg,P.diet,0.2755
P.Rsugar,./P.Rsugar/2308.jpg,P.diet,0.2755
P.Rsugar,./P.Rsugar/3957.jpg,P.diet,0.2755
P.Rsugar,./P.Rsugar/2491.jpg,P.diet,0.2755
P.Rsugar,./P.Rsugar/3943.jpg,P.diet,0.2755
P.Rsugar,./P.Rsugar/2485.jpg,P.diet,0.2755
P.Rsugar,./P.Rsugar/2240.jpg,P.diet,0.2755
P.Rsugar,./P.Rsugar/2254.jpg,P.diet,0.2755
P.Rsugar,./P.Rsugar/6032.jpg,P.diet,0.2755
P.Rsugar,./P.Rsugar/2268.jpg,P.diet,0.2755
P.Rsugar,./P.Rsugar/2283.jpg,P.diet,0.2755
P.Rsugar,./P.Rsugar/2297.jpg,P.diet,0.2755
P.Rsugar,./P.Rsugar/5936.jpg,P.diet,0.2755
P.Rsugar,./P.Rsugar/2095.jpg,P.diet,0.2755
P.Rsugar,./P.Rsugar/5922.jpg,P.diet,0.2755
P.Rsugar,./P.Rsugar/5923.jpg,P.diet,0.2755
P.Rsugar,./P.Rsugar/2094.jpg,P.diet,0.2755
P.Rsugar,./P.Rsugar/5937.jpg,P.diet,0.2755
P.Rsugar,./P.Rsugar/2296.jpg,P.diet,0.2755
P.Rsugar,./P.Rsugar/2282.jpg,P.diet,0.2755
P.Rsugar,./P.Rsugar/2269.jpg,P.diet,0.2755
P.Rsugar,./P.Rsugar/2255.jpg,P.diet,0.2755
P.Rsugar,./P.Rsugar/2241.jpg,P.diet,0.2755
P.Rsugar,./P.Rsugar/6027.jpg,MD.Orig,1.0
P.Rsugar,./P.Rsugar/2484.jpg,P.diet,0.2755
P.Rsugar,./P.Rsugar/3942.jpg,P.diet,0.2755
P.Rsugar,./P.Rsugar/2490.jpg,P.diet,0.2755
P.Rsugar,./P.Rsugar/3956.jpg,P.diet,0.2755
P.Rsugar,./P.Rsugar/2309.jpg,P.diet,0.2755
P.Rsugar,./P.Rsugar/2447.jpg,P.diet,0.2755
P.Rsugar,./P.Rsugar/3981.jpg,P.diet,0.2755
P.Rsugar,./P.Rsugar/2321.jpg,P.diet,0.2755
P.Rsugar,./P.Rsugar/2335.jpg,P.diet,0.2755
P.Rsugar,./P.Rsugar/4022.jpg,P.diet,0.2755
P.Rsugar,./P.Rsugar/2453.jpg,P.diet,0.2755
P.Rsugar,./P.Rsugar/3995.jpg,P.diet,0.2755
P.Rsugar,./P.Rsugar/5857.jpg,P.diet,0.2755
P.Rsugar,./P.Rsugar/5843.jpg,P.diet,0.2755
P.Rsugar,./P.Rsugar/5894.jpg,P.diet,0.2755
P.Rsugar,./P.Rsugar/2123.jpg,P.diet,0.2755
P.Rsugar,./P.Rsugar/5880.jpg,P.diet,0.2755
P.Rsugar,./P.Rsugar/2137.jpg,P.diet,0.2755
P.Rsugar,./P.Rsugar/2133.jpg,P.diet,0.2755
P.Rsugar,./P.Rsugar/5884.jpg,P.diet,0.2755
P.Rsugar,./P.Rsugar/2127.jpg,P.diet,0.2755
P.Rsugar,./P.Rsugar/5890.jpg,P.diet,0.2755
P.Rsugar,./P.Rsugar/5847.jpg,P.diet,0.2755
P.Rsugar,./P.Rsugar/5853.jpg,P.diet,0.2755
P.Rsugar,./P.Rsugar/2319.jpg,P.diet,0.2755
P.Rsugar,./P.Rsugar/2457.jpg,P.diet,0.2755
P.Rsugar,./P.Rsugar/3991.jpg,P.diet,0.2755
P.Rsugar,./P.Rsugar/4026.jpg,P.diet,0.2755
P.Rsugar,./P.Rsugar/2331.jpg,P.diet,0.2755
P.Rsugar,./P.Rsugar/2325.jpg,P.diet,0.2755
P.Rsugar,./P.Rsugar/2443.jpg,P.diet,0.2755
P.Rsugar,./P.Rsugar/3985.jpg,P.diet,0.2755
P.Rsugar,./P.Rsugar/2494.jpg,P.diet,0.2755
P.Rsugar,./P.Rsugar/3952.jpg,P.diet,0.2755
P.Rsugar,./P.Rsugar/2480.jpg,P.diet,0.2755
P.Rsugar,./P.Rsugar/3946.jpg,P.diet,0.2755
P.Rsugar,./P.Rsugar/2279.jpg,P.diet,0.2755
P.Rsugar,./P.Rsugar/6023.jpg,P.diet,0.2755
P.Rsugar,./P.Rsugar/2245.jpg,P.diet,0.2755
P.Rsugar,./P.Rsugar/2251.jpg,P.diet,0.2755
P.Rsugar,./P.Rsugar/6037.jpg,P.diet,0.2755
P.Rsugar,./P.Rsugar/2286.jpg,P.diet,0.2755
P.Rsugar,./P.Rsugar/2292.jpg,P.diet,0.2755
P.Rsugar,./P.Rsugar/5933.jpg,P.diet,0.2755
P.Rsugar,./P.Rsugar/5927.jpg,P.diet,0.2755
P.Rsugar,./P.Rsugar/5926.jpg,P.diet,0.2755
P.Rsugar,./P.Rsugar/2091.jpg,P.diet,0.2755
P.Rsugar,./P.Rsugar/5932.jpg,P.diet,0.2755
P.Rsugar,./P.Rsugar/2293.jpg,P.diet,0.2755
P.Rsugar,./P.Rsugar/2287.jpg,P.diet,0.2755
P.Rsugar,./P.Rsugar/6036.jpg,P.diet,0.2755
P.Rsugar,./P.Rsugar/2250.jpg,P.diet,0.2755
P.Rsugar,./P.Rsugar/2244.jpg,P.diet,0.2755
P.Rsugar,./P.Rsugar/2278.jpg,P.diet,0.2755
P.Rsugar,./P.Rsugar/3947.jpg,P.diet,0.2755
P.Rsugar,./P.Rsugar/2481.jpg,P.diet,0.2755
P.Rsugar,./P.Rsugar/3953.jpg,P.diet,0.2755
P.Rsugar,./P.Rsugar/2495.jpg,P.diet,0.2755
P.Rsugar,./P.Rsugar/2324.jpg,P.diet,0.2755
P.Rsugar,./P.Rsugar/3984.jpg,P.diet,0.2755
P.Rsugar,./P.Rsugar/2442.jpg,P.diet,0.2755
P.Rsugar,./P.Rsugar/4027.jpg,P.diet,0.2755
P.Rsugar,./P.Rsugar/3990.jpg,P.diet,0.2755
P.Rsugar,./P.Rsugar/2456.jpg,P.diet,0.2755
P.Rsugar,./P.Rsugar/2330.jpg,P.diet,0.2755
P.Rsugar,./P.Rsugar/2318.jpg,P.diet,0.2755
P.Rsugar,./P.Rsugar/5852.jpg,P.diet,0.2755
P.Rsugar,./P.Rsugar/5846.jpg,P.diet,0.2755
P.Rsugar,./P.Rsugar/5891.jpg,P.diet,0.2755
P.Rsugar,./P.Rsugar/2126.jpg,P.diet,0.2755
P.Rsugar,./P.Rsugar/5885.jpg,P.diet,0.2755
P.Rsugar,./P.Rsugar/2132.jpg,P.diet,0.2755
P.Rsugar,./P.Rsugar/2118.jpg,P.diet,0.2755
P.Rsugar,./P.Rsugar/2124.jpg,P.diet,0.2755
P.Rsugar,./P.Rsugar/5893.jpg,P.diet,0.2755
P.Rsugar,./P.Rsugar/2130.jpg,P.diet,0.2755
P.Rsugar,./P.Rsugar/5887.jpg,P.diet,0.2755
P.Rsugar,./P.Rsugar/5878.jpg,P.diet,0.2755
P.Rsugar,./P.Rsugar/5850.jpg,P.diet,0.2755
P.Rsugar,./P.Rsugar/5844.jpg,P.diet,0.2755
P.Rsugar,./P.Rsugar/2468.jpg,P.diet,0.2755
P.Rsugar,./P.Rsugar/4019.jpg,P.diet,0.2755
P.Rsugar,./P.Rsugar/2440.jpg,P.diet,0.2755
P.Rsugar,./P.Rsugar/3986.jpg,P.diet,0.2755
P.Rsugar,./P.Rsugar/2326.jpg,P.diet,0.2755
P.Rsugar,./P.Rsugar/2332.jpg,P.diet,0.2755
P.Rsugar,./P.Rsugar/2454.jpg,P.diet,0.2755
P.Rsugar,./P.Rsugar/3992.jpg,P.diet,0.2755
P.Rsugar,./P.Rsugar/4025.jpg,P.diet,0.2755
P.Rsugar,./P.Rsugar/3979.jpg,P.diet,0.2755
P.Rsugar,./P.Rsugar/2483.jpg,P.diet,0.2755
P.Rsugar,./P.Rsugar/3945.jpg,P.diet,0.2755
P.Rsugar,./P.Rsugar/2497.jpg,P.diet,0.2755
P.Rsugar,./P.Rsugar/3951.jpg,P.diet,0.2755
P.Rsugar,./P.Rsugar/2508.jpg,P.diet,0.2755
P.Rsugar,./P.Rsugar/6008.jpg,P.diet,0.2755
P.Rsugar,./P.Rsugar/2252.jpg,P.diet,0.2755
P.Rsugar,./P.Rsugar/6020.jpg,P.diet,0.2755
P.Rsugar,./P.Rsugar/2246.jpg,P.diet,0.2755
P.Rsugar,./P.Rsugar/2291.jpg,P.diet,0.2755
P.Rsugar,./P.Rsugar/2285.jpg,P.diet,0.2755
P.Rsugar,./P.Rsugar/5918.jpg,P.diet,0.2755
P.Rsugar,./P.Rsugar/2093.jpg,P.diet,0.2755
P.Rsugar,./P.Rsugar/5924.jpg,P.diet,0.2755
P.Rsugar,./P.Rsugar/5930.jpg,P.diet,0.2755
P.Rsugar,./P.Rsugar/5931.jpg,P.diet,0.2755
P.Rsugar,./P.Rsugar/5925.jpg,P.diet,0.2755
P.Rsugar,./P.Rsugar/2092.jpg,P.diet,0.2755
P.Rsugar,./P.Rsugar/5919.jpg,P.diet,0.2755
P.Rsugar,./P.Rsugar/2284.jpg,P.diet,0.2755
P.Rsugar,./P.Rsugar/2290.jpg,P.diet,0.2755
P.Rsugar,./P.Rsugar/2247.jpg,P.diet,0.2755
P.Rsugar,./P.Rsugar/6021.jpg,P.diet,0.2755
P.Rsugar,./P.Rsugar/6035.jpg,P.diet,0.2755
P.Rsugar,./P.Rsugar/2253.jpg,P.diet,0.2755
P.Rsugar,./P.Rsugar/2509.jpg,P.diet,0.2755
P.Rsugar,./P.Rsugar/6009.jpg,P.diet,0.2755
P.Rsugar,./P.Rsugar/3950.jpg,P.diet,0.2755
P.Rsugar,./P.Rsugar/2496.jpg,P.diet,0.2755
P.Rsugar,./P.Rsugar/3944.jpg,P.diet,0.2755
P.Rsugar,./P.Rsugar/2482.jpg,P.diet,0.2755
P.Rsugar,./P.Rsugar/3978.jpg,P.diet,0.2755
P.Rsugar,./P.Rsugar/4024.jpg,P.diet,0.2755
P.Rsugar,./P.Rsugar/3993.jpg,P.diet,0.2755
P.Rsugar,./P.Rsugar/2455.jpg,P.diet,0.2755
P.Rsugar,./P.Rsugar/3987.jpg,P.diet,0.2755
P.Rsugar,./P.Rsugar/2441.jpg,P.diet,0.2755
P.Rsugar,./P.Rsugar/2327.jpg,P.diet,0.2755
P.Rsugar,./P.Rsugar/4018.jpg,P.diet,0.2755
P.Rsugar,./P.Rsugar/2469.jpg,P.diet,0.2755
P.Rsugar,./P.Rsugar/5845.jpg,P.diet,0.2755
P.Rsugar,./P.Rsugar/5851.jpg,P.diet,0.2755
P.Rsugar,./P.Rsugar/5879.jpg,P.diet,0.2755
P.Rsugar,./P.Rsugar/5886.jpg,P.diet,0.2755
P.Rsugar,./P.Rsugar/2131.jpg,P.diet,0.2755
P.Rsugar,./P.Rsugar/5892.jpg,P.diet,0.2755
P.Rsugar,./P.Rsugar/2125.jpg,P.diet,0.2755
P.Rsugar,./P.Rsugar/2119.jpg,P.diet,0.2755
P.Orig,./P.Orig/4217.jpg,P.diet,0.2755
P.Orig,./P.Orig/4203.jpg,P.diet,0.2755
P.Orig,./P.Orig/6414.jpg,P.diet,0.2755
P.Orig,./P.Orig/3222.jpg,P.diet,0.2755
P.Orig,./P.Orig/3236.jpg,P.diet,0.2684
P.Orig,./P.Orig/6428.jpg,P.diet,0.2755
P.Orig,./P.Orig/6602.jpg,P.diet,0.2755
P.Orig,./P.Orig/6616.jpg,P.diet,0.2755
P.Orig,./P.Orig/3008.jpg,P.diet,0.2755
P.Orig,./P.Orig/3020.jpg,P.diet,0.2755
P.Orig,./P.Orig/3034.jpg,P.diet,0.2755
P.Orig,./P.Orig/3168.jpg,P.diet,0.2755
P.Orig,./P.Orig/4161.jpg,P.diet,0.2755
P.Orig,./P.Orig/4175.jpg,P.diet,0.2755
P.Orig,./P.Orig/3154.jpg,P.diet,0.2755
P.Orig,./P.Orig/4149.jpg,P.diet,0.2755
P.Orig,./P.Orig/3140.jpg,P.diet,0.2755
P.Orig,./P.Orig/3197.jpg,P.diet,0.2755
P.Orig,./P.Orig/3183.jpg,P.diet,0.2755
P.Orig,./P.Orig/6574.jpg,P.diet,0.2755
P.Orig,./P.Orig/6560.jpg,P.diet,0.2755
P.Orig,./P.Orig/6548.jpg,P.diet,0.2755
P.Orig,./P.Orig/2333__corrected.jpg,P.diet,0.2755
P.Orig,./P.Orig/2935.jpg,P.diet,0.2755
P.Orig,./P.Orig/2934.jpg,P.diet,0.2801
P.Orig,./P.Orig/6549.jpg,P.diet,0.2755
P.Orig,./P.Orig/6561.jpg,P.diet,0.2755
P.Orig,./P.Orig/6575.jpg,P.diet,0.2755
P.Orig,./P.Orig/3182.jpg,P.Zero,0.5802
P.Orig,./P.Orig/3196.jpg,P.diet,0.2755
P.Orig,./P.Orig/4148.jpg,P.diet,0.2755
P.Orig,./P.Orig/3141.jpg,M.Beer,0.9895
P.Orig,./P.Orig/3155.jpg,P.diet,0.2986
P.Orig,./P.Orig/4174.jpg,P.diet,0.2755
P.Orig,./P.Orig/3169.jpg,P.diet,0.2755
P.Orig,./P.Orig/4160.jpg,P.diet,0.2755
P.Orig,./P.Orig/3035.jpg,P.Zero,0.5794
P.Orig,./P.Orig/3021.jpg,P.diet,0.2755
P.Orig,./P.Orig/6617.jpg,P.diet,0.2755
P.Orig,./P.Orig/3009.jpg,P.diet,0.2755
P.Orig,./P.Orig/6603.jpg,P.diet,0.2755
P.Orig,./P.Orig/3237.jpg,P.diet,0.2755
P.Orig,./P.Orig/6429.jpg,P.diet,0.2755
P.Orig,./P.Orig/3223.jpg,P.diet,0.2755
P.Orig,./P.Orig/6415.jpg,P.diet,0.2755
P.Orig,./P.Orig/4202.jpg,P.diet,0.2755
P.Orig,./P.Orig/4216.jpg,P.diet,0.2755
P.Orig,./P.Orig/4200.jpg,P.diet,0.2755
P.Orig,./P.Orig/6417.jpg,P.diet,0.2755
P.Orig,./P.Orig/3209.jpg,P.diet,0.2755
P.Orig,./P.Orig/4214.jpg,P.diet,0.2755
P.Orig,./P.Orig/3235.jpg,P.diet,0.2755
P.Orig,./P.Orig/3221.jpg,P.diet,0.2755
P.Orig,./P.Orig/4228.jpg,P.diet,0.2755
P.Orig,./P.Orig/6615.jpg,P.diet,0.2755
P.Orig,./P.Orig/6601.jpg,P.diet,0.2755
P.Orig,./P.Orig/3037.jpg,M.Beer,0.9747
P.Orig,./P.Orig/6629.jpg,P.diet,0.2755
P.Orig,./P.Orig/3023.jpg,P.Zero,0.4955
P.Orig,./P.Orig/4176.jpg,P.diet,0.2755
P.Orig,./P.Orig/4162.jpg,P.diet,0.2755
P.Orig,./P.Orig/3143.jpg,P.diet,0.2755
P.Orig,./P.Orig/3157.jpg,P.diet,0.2755
P.Orig,./P.Orig/3180.jpg,P.Zero,0.6807
P.Orig,./P.Orig/4189.jpg,P.diet,0.2755
P.Orig,./P.Orig/3194.jpg,P.diet,0.2755
P.Orig,./P.Orig/6563.jpg,P.diet,0.2755
P.Orig,./P.Orig/6577.jpg,P.diet,0.2755
P.Orig,./P.Orig/6588.jpg,P.diet,0.2755
P.Orig,./P.Orig/2936.jpg,P.diet,0.2755
P.Orig,./P.Orig/2937.jpg,P.diet,0.2755
P.Orig,./P.Orig/6589.jpg,P.diet,0.2755
P.Orig,./P.Orig/6576.jpg,P.diet,0.2755
P.Orig,./P.Orig/6562.jpg,P.diet,0.2755
P.Orig,./P.Orig/3195.jpg,P.diet,0.2755
P.Orig,./P.Orig/3181.jpg,P.diet,0.2755
P.Orig,./P.Orig/4188.jpg,P.diet,0.2755
P.Orig,./P.Orig/3156.jpg,P.diet,0.2755
P.Orig,./P.Orig/3142.jpg,P.Zero,0.3768
P.Orig,./P.Orig/4163.jpg,P.diet,0.2755
P.Orig,./P.Orig/4177.jpg,P.diet,0.2755
P.Orig,./P.Orig/3022.jpg,P.diet,0.2755
P.Orig,./P.Orig/3036.jpg,P.diet,0.2755
P.Orig,./P.Orig/6628.jpg,P.diet,0.2755
P.Orig,./P.Orig/6600.jpg,P.diet,0.2755
P.Orig,./P.Orig/6614.jpg,P.diet,0.2755
P.Orig,./P.Orig/3220.jpg,P.diet,0.2755
P.Orig,./P.Orig/4229.jpg,P.diet,0.2755
P.Orig,./P.Orig/3234.jpg,P.diet,0.2755
P.Orig,./P.Orig/4215.jpg,P.diet,0.2755
P.Orig,./P.Orig/6416.jpg,P.diet,0.2755
P.Orig,./P.Orig/4201.jpg,P.diet,0.2755
P.Orig,./P.Orig/3208.jpg,P.diet,0.2755
P.Orig,./P.Orig/3230.jpg,P.diet,0.2755
P.Orig,./P.Orig/4239.jpg,P.diet,0.2755
P.Orig,./P.Orig/3224.jpg,P.diet,0.2755
P.Orig,./P.Orig/4205.jpg,P.diet,0.2755
P.Orig,./P.Orig/4211.jpg,P.diet,0.2755
P.Orig,./P.Orig/3218.jpg,P.diet,0.2755
P.Orig,./P.Orig/3032.jpg,P.diet,0.2755
P.Orig,./P.Orig/3026.jpg,P.diet,0.2755
P.Orig,./P.Orig/6638.jpg,P.diet,0.2755
P.Orig,./P.Orig/6610.jpg,P.diet,0.2755
P.Orig,./P.Orig/6604.jpg,P.diet,0.2755
P.Orig,./P.Orig/3146.jpg,P.diet,0.2755
P.Orig,./P.Orig/3152.jpg,P.diet,0.2755
P.Orig,./P.Orig/4173.jpg,P.diet,0.2755
P.Orig,./P.Orig/4167.jpg,P.diet,0.2755
P.Orig,./P.Orig/3185.jpg,P.diet,0.2755
P.Orig,./P.Orig/3191.jpg,P.diet,0.2755
P.Orig,./P.Orig/4198.jpg,P.diet,0.2755
P.Orig,./P.Orig/6566.jpg,P.diet,0.2755
P.Orig,./P.Orig/6572.jpg,P.diet,0.2755
P.Orig,./P.Orig/6599.jpg,P.diet,0.2755
P.Orig,./P.Orig/6598.jpg,P.diet,0.2755
P.Orig,./P.Orig/6573.jpg,P.diet,0.2755
P.Orig,./P.Orig/6567.jpg,P.diet,0.2755
P.Orig,./P.Orig/3190.jpg,P.diet,0.2755
P.Orig,./P.Orig/4199.jpg,P.diet,0.2755
P.Orig,./P.Orig/3184.jpg,P.diet,0.2755
P.Orig,./P.Orig/4166.jpg,P.diet,0.2755
P.Orig,./P.Orig/4172.jpg,P.diet,0.2755
P.Orig,./P.Orig/3153.jpg,P.diet,0.2755
P.Orig,./P.Orig/3147.jpg,P.diet,0.2755
P.Orig,./P.Orig/6605.jpg,P.diet,0.2755
P.Orig,./P.Orig/6611.jpg,P.diet,0.2755
P.Orig,./P.Orig/3027.jpg,P.diet,0.2755
P.Orig,./P.Orig/6639.jpg,P.diet,0.2755
P.Orig,./P.Orig/3033.jpg,P.diet,0.2755
P.Orig,./P.Orig/4210.jpg,P.diet,0.2755
P.Orig,./P.Orig/3219.jpg,P.diet,0.2755
P.Orig,./P.Orig/4204.jpg,P.diet,0.2755
P.Orig,./P.Orig/3225.jpg,P.diet,0.2755
P.Orig,./P.Orig/3231.jpg,P.diet,0.2755
P.Orig,./P.Orig/4238.jpg,P.diet,0.2755
P.Orig,./P.Orig/3227.jpg,P.diet,0.2755
P.Orig,./P.Orig/6439.jpg,P.diet,0.2755
P.Orig,./P.Orig/3233.jpg,P.diet,0.2826
